{
    "__comment": "Made with TheDestruc7i0n's advancements generator: https://advancements.thedestruc7i0n.ca",
    "display": {
        "title": {
            "text": "Fire",
            "color": "dark_red",
            "bold": true,
            "italic": true
        },
        "description": {
            "text": "Fire path"
        },
        "icon": {
            "item": "minecraft:campfire"
        },
        "frame": "task",
        "show_toast": true,
        "announce_to_chat": false,
        "hidden": false
    },
    "criteria": {
        "None": {
            "trigger": "minecraft:impossible"
        }
    },
    "parent": "tree:root"
}