{
    "__comment": "Made with TheDestruc7i0n's advancements generator: https://advancements.thedestruc7i0n.ca",
    "display": {
        "title": {
            "text": "Fortress",
            "color": "aqua",
            "bold": true,
            "italic": true,
            "underlined": true,
            "strikethrough": false
        },
        "description": {
            "text": "Description",
            "color": "green",
            "bold": true,
            "italic": true,
            "underlined": true,
            "strikethrough": true,
            "obfuscated": true
        },
        "icon": {
            "item": "minecraft:structure_void"
        },
        "frame": "goal",
        "show_toast": false,
        "announce_to_chat": true,
        "hidden": false
    },
    "criteria": {
        "Fill bucket with pufferfish": {
            "trigger": "minecraft:impossible"
        },
        "Fly in survival mode without elytra": {
            "trigger": "minecraft:impossible"
        }
    },
    "parent": "tree:root"
}