{
    "__comment": "Made with TheDestruc7i0n's advancements generator: https://advancements.thedestruc7i0n.ca",
    "display": {
        "title": {
            "text": "Ice",
            "color": "dark_blue",
            "bold": true,
            "italic": true
        },
        "description": {
            "text": "Ice path"
        },
        "icon": {
            "item": "minecraft:packed_ice"
        },
        "frame": "task",
        "show_toast": true,
        "announce_to_chat": false,
        "hidden": false
    },
    "criteria": {
        "None": {
            "trigger": "minecraft:impossible"
        }
    },
    "parent": "tree:root"
}