{
    "__comment": "Made with TheDestruc7i0n's advancements generator: https://advancements.thedestruc7i0n.ca",
    "display": {
        "title": {
            "text": "Icer",
            "color": "blue",
            "bold": true,
            "italic": true,
            "obfuscated": false
        },
        "description": {
            "text": "Creates an ice ring that gives poison!"
        },
        "icon": {
            "item": "minecraft:ice"
        },
        "frame": "task",
        "show_toast": true,
        "announce_to_chat": false,
        "hidden": false
    },
    "criteria": {
        "None": {
            "trigger": "minecraft:impossible"
        }
    },
    "parent": "tree:ice"
}