{
    "__comment": "Made with TheDestruc7i0n's advancements generator: https://advancements.thedestruc7i0n.ca",
    "display": {
        "title": {
            "text": "Jerry",
            "bold": true,
            "italic": true
        },
        "description": {
            "text": "In progress"
        },
        "icon": {
            "item": "minecraft:barrier"
        },
        "frame": "task",
        "show_toast": true,
        "announce_to_chat": true,
        "hidden": false
    },
    "criteria": {
        "None": {
            "trigger": "minecraft:impossible"
        }
    },
    "parent": "tree:fortified_tree"
}