{
    "__comment": "Made with TheDestruc7i0n's advancements generator: https://advancements.thedestruc7i0n.ca",
    "display": {
        "title": {
            "text": "Basic power",
            "color": "gray",
            "bold": true,
            "italic": true,
            "underlined": true,
            "strikethrough": false,
            "obfuscated": false
        },
        "description": {
            "text": "Description"
        },
        "icon": {
            "item": "minecraft:oak_planks"
        },
        "frame": "task",
        "show_toast": true,
        "announce_to_chat": true,
        "hidden": false,
        "background": "minecraft:textures/gui/advancements/backgrounds/stone.png"
    },
    "criteria": {
        "Join the server": {
            "trigger": "minecraft:tick"
        }
    }
}